info_type,title,description,url
page,All Training Programs,Browse all Edstellar training programs across categories,https://www.edstellar.com/training
page,About Edstellar,Learn about Edstellar's mission and expertise in corporate training,https://www.edstellar.com/about
page,Our Trainers,Meet our expert trainers with 10+ years industry experience,https://www.edstellar.com/trainers
page,Client Success Stories,Real results from organizations that transformed with Edstellar,https://www.edstellar.com/case-studies
page,Contact Us,Get in touch with our training consultants,https://www.edstellar.com/contact
page,Request Quote,Get a customized quote for your training needs,https://www.edstellar.com/request-quote
page,Schedule Consultation,Book a free consultation with our training advisors,https://www.edstellar.com/consultation
page,Blog & Resources,Training tips and industry insights,https://www.edstellar.com/blog
page,FAQs,Frequently asked questions about our training programs,https://www.edstellar.com/faq
page,Corporate Training Solutions,Customized training solutions for enterprises,https://www.edstellar.com/corporate-training
contact,Email,training@edstellar.com,mailto:training@edstellar.com
contact,Phone,Vijay,-9886621119
feature,Training Materials,All courses include comprehensive training materials and certificates,
feature,Post-Training Support,30 days of post-training support included,
feature,Group Discounts,Special pricing available for groups of 15+ participants,
feature,Flexible Delivery,Can be delivered at client location or Edstellar facilities,
feature,Flexible Scheduling,Weekdays weekends and evening options available,
feature,Assessment Included,Skill assessment and evaluation included in all programs,
feature,Expert Trainers,All trainers have 10+ years of industry experience,
feature,Interactive Learning,Hands-on workshops with real-world case studies,
feature,Small Groups,Small group sizes ensure personalized attention,
feature,Free Consultation,Free consultation available to discuss training needs,
